,user_id,name,age,country,email,password,preferences
0,1,Scott Walker,16.0,Ethiopia,michaeldunn@example.net,^@6QwmzrIi,['Drame']
1,2,Patricia Glover,57.0,Lesotho,reginaclark@example.org,%o&1r@Zp)g,['Romance']
2,3,Samantha Gallegos,44.0,Guyana,jenniferrobinson@example.org,*0uZXc*ds0,"['Horreur', 'Romance', 'Comédie']"
3,4,Cindy Little,55.0,Liechtenstein,justin87@example.org,kcT5Qdeao*,"['Action', 'Romance', 'Horreur']"
4,5,Todd Flynn,55.0,Ghana,kristinapeterson@example.net,Z8DSCSgl!5,"['Thriller', 'Romance']"
5,6,Douglas Martinez,67.0,Falkland Islands (Malvinas),melissawright@example.com,ovA4ECaX&i,['Romance']
6,7,John Campbell,19.0,Montenegro,fjohnson@example.org,&f7Hpr9Gx@,['Drame']
7,8,Anthony Ortega,38.0,Canada,znavarro@example.org,8B&WLJzC!O,['Animé']
8,9,Renee Owens,46.0,Chad,jonesjennifer@example.com,ku7E1Rfc_x,"['Comédie', 'Science-Fiction']"
9,10,Virginia White,64.0,Poland,chloemclaughlin@example.com,@ioZo4LKO7,['Horreur']
10,11,Joshua Anderson,46.0,Oman,clarkjacqueline@example.com,#KJIVEenC2,"['Comédie', 'Drame', 'Romance']"
11,12,Mark Singh,50.0,Solomon Islands,rodriguezbarbara@example.com,8@L1v3ut)^,"['Horreur', 'Romance']"
12,13,Tina Estes,66.0,Cyprus,ayaladonna@example.net,(WH82ToG*4,"['Horreur', 'Animé']"
13,14,Kevin Norton,47.0,Guinea-Bissau,bcarson@example.com,#x5CMJ(m^7,['Horreur']
14,15,Kevin Rogers,23.0,Taiwan,shane90@example.net,_f3I5xXt@i,"['Action', 'Thriller']"
15,16,Stanley Crosby,22.0,Canada,joanna13@example.org,K#OZ5Cuvo),"['Action', 'Animé']"
16,17,Kevin Ferguson,47.0,Panama,guerrerojacob@example.org,vj^8NhYuzH,"['Thriller', 'Romance']"
17,18,Kevin Henderson,63.0,Zambia,xwhite@example.org,9yhMMA+y+V,"['Action', 'Animé', 'Horreur']"
18,19,Jennifer Yates,29.0,Hong Kong,jeffery27@example.com,o2z1KAox$Y,"['Horreur', 'Drame']"
19,20,Barry Banks,40.0,Libyan Arab Jamahiriya,walterellison@example.net,Kc1yMXaz!+,['Thriller']
20,21,Alice Rice,40.0,Albania,emily11@example.org,^6Fe_ZU@Zs,['Horreur']
21,22,John Johnson,61.0,Bulgaria,april22@example.com,!Y2Ap0bm$t,"['Science-Fiction', 'Romance']"
22,23,Benjamin Phillips,37.0,Hong Kong,adriennesullivan@example.com,(74ex5Kr0W,['Animé']
23,24,Adrian Montgomery,28.0,Nepal,cfisher@example.com,!Z!S6kFyQY,['Comédie']
24,25,Michael Henry,52.0,Eritrea,staciekelly@example.org,+EQ3Q1c4#R,"['Horreur', 'Romance']"
25,26,Julia Gray,45.0,Antarctica (the territory South of 60 deg S),whall@example.org,&#09CrgvDM,['Drame']
26,27,Michelle Norman,52.0,Jersey,lambertjason@example.org,*vbTh7&L^7,"['Drame', 'Thriller']"
27,28,Margaret Calhoun,41.0,French Guiana,mpetersen@example.com,V)K6Nwpwp_,"['Drame', 'Comédie']"
28,29,Amanda Dickson,22.0,Saint Vincent and the Grenadines,lindastewart@example.com,ss#9jQyi$a,['Thriller']
29,30,Sarah Sparks,24.0,Kuwait,ndaniel@example.com,OJ46wNZb#),"['Comédie', 'Drame', 'Animé']"
30,31,Sarah Serrano,16.0,Peru,jennymiller@example.com,@_3Wt_VcbH,"['Drame', 'Science-Fiction', 'Romance']"
31,32,Keith Pope,19.0,Saint Barthelemy,ithompson@example.net,_x0BAi*Y+G,"['Thriller', 'Animé', 'Science-Fiction']"
32,33,Jennifer Mcpherson,56.0,Aruba,wilsoncrystal@example.com,)90gMXibLq,"['Drame', 'Romance', 'Comédie']"
33,34,Beth Dominguez,46.0,Non renseigné,twilliams@example.com,*4YmtXz&VI,"['Thriller', 'Science-Fiction']"
34,35,Sally Olsen,49.0,New Caledonia,ujackson@example.org,hB7kcgEps!,['Thriller']
35,36,Stephen Dunn,66.0,Uzbekistan,tschneider@example.net,#GRiUaVf0^,['Romance']
36,37,Jennifer French,59.0,Slovenia,claytonhenry@example.org,Y)9T#%2goX,"['Horreur', 'Thriller', 'Science-Fiction']"
37,38,William Mills,32.0,Cayman Islands,jeffreymedina@example.net,!8H9t%Qeig,"['Comédie', 'Animé']"
38,39,Joseph Anderson,47.0,Russian Federation,shannongreen@example.com,9!a1Af%V&A,"['Thriller', 'Horreur', 'Comédie']"
39,40,Megan Terry,21.0,Nepal,jeffrey34@example.com,wn%7AvqKh#,"['Action', 'Romance', 'Science-Fiction']"
40,41,Jodi Harris,19.0,Bosnia and Herzegovina,johnsondaniel@example.com,(@^)jKzi00,['Animé']
41,42,Allison Castaneda,38.0,Seychelles,erika97@example.org,8ISbbpi0##,['Science-Fiction']
42,43,Ashley Clark,39.0,Jordan,diana98@example.org,+K#4tUZjfp,['Comédie']
43,44,Brittany Dixon,69.0,Philippines,heathersmith@example.org,c%7E(neezz,['Romance']
44,45,Tammy Smith,17.0,Mali,wardlori@example.net,IK@4HqJ$#w,"['Drame', 'Animé', 'Science-Fiction']"
45,46,Joan Cordova,66.0,Northern Mariana Islands,barreralisa@example.org,+BGp&whgp5,"['Horreur', 'Romance']"
46,47,Zachary Scott,18.0,South Georgia and the South Sandwich Islands,garciasusan@example.com,!CVn0AgQ57,"['Thriller', 'Horreur']"
47,48,Matthew Turner,29.0,Nepal,calvinturner@example.com,!z+7RgUC&+,"['Thriller', 'Horreur', 'Science-Fiction']"
48,49,Megan Blackwell,41.0,Panama,paul93@example.net,lC7yLFcdf!,"['Science-Fiction', 'Romance']"
49,50,Robert Mitchell,52.0,India,paula78@example.net,cL^9TMbjCT,"['Drame', 'Action', 'Comédie']"
50,51,William Franklin,52.0,Turkmenistan,craig21@example.net,@k2FQpl(BH,"['Romance', 'Animé', 'Action']"
51,52,Laura Massey,61.0,French Polynesia,davidrowe@example.net,q3A_e^re+4,"['Comédie', 'Action', 'Thriller']"
52,53,John Rogers,27.0,Madagascar,elizabeth77@example.com,OVhA^vOc+6,"['Action', 'Horreur']"
53,54,Dan Rios,50.0,Sri Lanka,yrogers@example.org,*jiitKSq8e,"['Horreur', 'Comédie']"
55,56,Lisa Ramirez,49.0,Mozambique,efuller@example.com,*9YN+&jsN&,"['Science-Fiction', 'Romance']"
56,57,Shannon Deleon,44.0,Cocos (Keeling) Islands,kristina32@example.com,dH0XkTfz6+,['Thriller']
57,58,Robert Castillo,39.0,Greenland,jill20@example.org,$fLJRZ6w8u,"['Comédie', 'Animé', 'Thriller']"
58,59,Candice Hall,37.0,Cameroon,wgomez@example.org,l8KKisj1%I,['Drame']
59,60,Jennifer Clark,27.0,Congo,harristimothy@example.net,@Ua@9oOfD%,"['Horreur', 'Thriller', 'Comédie']"
60,61,Jacob Jones,68.0,Kenya,monicarodriguez@example.org,*Ab%LL$uA3,"['Drame', 'Animé', 'Comédie']"
61,62,Mark Perez,64.0,Congo,ashley29@example.net,@vT0HU#s42,"['Comédie', 'Horreur']"
62,63,Jeremiah Chen,51.0,Estonia,heathkimberly@example.com,)O6CeO7Z+x,"['Comédie', 'Science-Fiction']"
63,64,Billy Black,32.0,Pitcairn Islands,regina60@example.net,7uG19UcFj@,['Comédie']
64,65,Frank Johnson,39.0,Turks and Caicos Islands,lawrencejennifer@example.net,wI#+0JGpjL,"['Comédie', 'Horreur', 'Thriller']"
65,66,Veronica Bradford,63.0,Northern Mariana Islands,smithstephanie@example.org,!u8jHVcj_W,['Animé']
66,67,Laura Tucker,70.0,Sao Tome and Principe,stephen78@example.net,6K9(8tUcI&,['Action']
67,68,Bonnie Hanson,57.0,Gambia,lindakidd@example.com,dy0K6TjG(Y,['Horreur']
68,69,Scott Freeman,45.0,French Southern Territories,Non renseigné,^86GfV*(t@,['Drame']
69,70,Lisa Graves,56.0,Non renseigné,handerson@example.com,@2LbdgsrGv,"['Animé', 'Action']"
70,71,Catherine Boyer,22.0,Cyprus,zlawrence@example.net,&HKIFStUY5,"['Animé', 'Comédie', 'Thriller']"
71,72,Philip Andrews,65.0,Albania,stevenhernandez@example.org,2c6g1dXr@9,['Romance']
72,73,Andrea Valdez,34.0,Austria,Non renseigné,E9E!a$Xd*3,['Horreur']
73,74,Melvin Hamilton,47.0,Turkey,bakermichael@example.org,RV80IJor&*,['Thriller']
75,76,Joseph Harris,30.0,Bahamas,monique60@example.com,u*Q7Ov#WOP,"['Animé', 'Romance', 'Action']"
76,77,Brandon Hays,19.0,Singapore,william58@example.com,$h3)OgJl@o,"['Romance', 'Horreur']"
77,78,Susan Stewart,33.0,Honduras,smithcourtney@example.com,V@1Ce8xV9#,"['Drame', 'Romance']"
78,79,Non renseigné,63.0,Austria,brandy34@example.com,%6Ik8EzB#a,"['Horreur', 'Action']"
79,80,Nicole Manning,33.0,Montenegro,fhahn@example.com,4_5THHs_vv,"['Thriller', 'Romance', 'Action']"
80,81,Linda Christian,17.0,United Kingdom,andrea81@example.net,)aJ%J%M04D,"['Comédie', 'Romance']"
81,82,Candace Freeman,46.0,Tonga,bobby32@example.com,&8XMcJbe01,"['Thriller', 'Animé']"
82,83,Amanda Castillo,64.0,France,nmoon@example.com,+tj3CFFdvd,['Horreur']
83,84,Mr. Shawn Johnson,68.0,Dominican Republic,dawn68@example.net,gr^5AukWkF,"['Drame', 'Horreur']"
84,85,Daniel Rodriguez,48.0,Denmark,cynthiapetty@example.org,$_q6NXw&xL,"['Animé', 'Drame', 'Action']"
85,86,Sharon Martinez,65.0,Cote d'Ivoire,gbarrera@example.com,%9BLg@rH4h,"['Action', 'Horreur']"
86,87,James Fields,27.0,Reunion,icastillo@example.net,@7%EBJt4gP,"['Science-Fiction', 'Comédie']"
87,88,Daniel Jackson,64.0,Non renseigné,crobinson@example.org,+9ZI3qwGlh,"['Animé', 'Romance']"
88,89,Ryan Mccann,36.0,Panama,nhansen@example.org,(q@Fna&bt4,"['Animé', 'Romance']"
89,90,Deanna Meyer,29.0,Finland,jasminehester@example.net,@(4@Zx#vVF,"['Science-Fiction', 'Thriller']"
90,91,Christie Scott,51.0,Congo,jacobselizabeth@example.com,Rz^QM2Ndb9,"['Drame', 'Action']"
91,92,Patrick Collins,33.0,Heard Island and McDonald Islands,vmiller@example.com,Z@I3Xg1+oj,"['Science-Fiction', 'Thriller']"
92,93,Edwin Taylor,46.0,Gibraltar,timothypugh@example.net,dNyo9HsH+a,"['Action', 'Drame', 'Science-Fiction']"
93,94,Melinda Mcdaniel,16.0,Niue,austinthompson@example.net,hu9eInGdm!,"['Horreur', 'Animé']"
94,95,Daniel Walker,16.0,United States Virgin Islands,michaeljackson@example.com,*0UjbKI&kO,"['Romance', 'Thriller']"
95,96,Jessica Allen,46.0,Andorra,hicksrandall@example.com,(l@0esBxsc,"['Thriller', 'Drame', 'Animé']"
96,97,Emily Mckenzie,37.0,Aruba,tcalhoun@example.com,a#l*QudU!8,"['Horreur', 'Thriller', 'Animé']"
97,98,Kim Miller,21.0,Lesotho,thomasfreeman@example.com,15W0VjGq9#,"['Horreur', 'Comédie']"
99,100,Susan Mccormick,35.0,Wallis and Futuna,cbaxter@example.net,P#_)8)Ms&y,"['Horreur', 'Action', 'Thriller']"
100,101,Mariah Mcgee,63.0,Niue,pprice@example.net,#9QP2jV!#u,"['Romance', 'Science-Fiction', 'Drame']"
101,102,Non renseigné,33.0,Algeria,dgonzales@example.com,(rK4P!bs7l,['Action']
102,103,Virginia Rodriguez,46.0,Gambia,douglas82@example.net,6o&I5UpdXN,['Horreur']
103,104,Tracy Fisher,19.0,United States Virgin Islands,hughessara@example.org,6&8ZWjy_n(,['Animé']
104,105,Joann Foley,43.0,Azerbaijan,jose53@example.com,2oYbFReo_8,['Thriller']
105,106,Jonathan Strickland,30.0,Haiti,guzmanlisa@example.net,%79b9DrnkK,['Thriller']
106,107,Paula Monroe,19.0,Cape Verde,qwatts@example.org,Y^1XL(6nON,['Animé']
107,108,Cameron Robinson,29.0,Egypt,juancarney@example.com,6kXG#&OX_8,['Science-Fiction']
108,109,Kelly Davis,25.0,South Georgia and the South Sandwich Islands,mary59@example.net,^iYYYbte69,"['Drame', 'Action', 'Science-Fiction']"
109,110,Eric Jones,51.0,El Salvador,mary63@example.org,DNl5R4XmF!,['Science-Fiction']
110,111,Sarah Hoover,28.0,Ecuador,kayla52@example.net,A6f0Wanv8!,"['Science-Fiction', 'Comédie', 'Action']"
111,112,Nicole Chambers,42.0,Tonga,mary16@example.net,TmEya1Vf&(,"['Thriller', 'Comédie']"
112,113,Jennifer Poole,52.0,Mozambique,heather54@example.com,%i6qt8Uls!,"['Horreur', 'Animé', 'Action']"
113,114,Christopher Duran,22.0,Tonga,robertthompson@example.net,v+4i3jWj%N,"['Comédie', 'Drame']"
114,115,Virginia Parker,17.0,Saint Helena,ncollins@example.org,#w9QL_oyW(,"['Animé', 'Horreur']"
115,116,Robert Lewis,50.0,Togo,christina44@example.org,_CTIJZUw35,"['Romance', 'Drame', 'Comédie']"
116,117,Monica Miller,70.0,Central African Republic,andrewsimmons@example.net,zG&^1Vns%y,"['Horreur', 'Drame']"
117,118,Kathy Davis,53.0,Mali,umartinez@example.net,_!$4aEBl3c,['Thriller']
118,119,Janet Nichols,53.0,Reunion,grayangela@example.net,1XU$Hzv2&Q,"['Animé', 'Horreur', 'Drame']"
119,120,Kathryn Villa,37.0,Singapore,aweeks@example.com,*l&09AgsEP,['Romance']
120,121,Stephanie Davis,37.0,Namibia,amandataylor@example.com,@4*rV)jVM_,"['Comédie', 'Horreur', 'Drame']"
121,122,Anna Joseph,43.0,Ireland,barronadam@example.org,@f)1GkZp&8,"['Action', 'Animé', 'Thriller']"
122,123,Sean Daniels,60.0,Philippines,paulbowen@example.org,VAk(v8Wea(,"['Action', 'Comédie', 'Thriller']"
123,124,Edward Bell,43.0,Wallis and Futuna,youngbrianna@example.net,hIR74HiM&3,"['Comédie', 'Thriller']"
124,125,John Barker,56.0,Malaysia,thompsonlynn@example.org,lo0bKjNwD@,"['Comédie', 'Drame', 'Romance']"
125,126,Kimberly Dunn,32.0,Cuba,johnsonmatthew@example.com,(2E38_r^2B,['Animé']
126,127,Christine Fletcher,68.0,Saint Lucia,sarahjones@example.com,$6XKxLlU#v,['Action']
127,128,Mark Grimes,64.0,Afghanistan,dcastro@example.com,UW)4&ZUw(8,"['Comédie', 'Romance']"
128,129,Joseph Martin,70.0,Turkey,echang@example.com,_BVvP2Pic8,['Thriller']
129,130,Mary Lewis,46.0,Anguilla,johnsontracy@example.org,%^B^3royKE,['Romance']
130,131,Randy Keith,52.0,United States Virgin Islands,cindy44@example.org,P1$J!CMr!5,['Comédie']
131,132,Maria Duncan,65.0,Germany,rossjanice@example.org,jNZ1GGNv+r,"['Action', 'Horreur']"
132,133,Richard Miller,33.0,Saudi Arabia,ericchandler@example.net,*d4YkMPP&^,"['Romance', 'Drame', 'Action']"
133,134,Robert French,22.0,Gibraltar,jamiegreen@example.org,v@l7VKTa$6,['Comédie']
134,135,Brittany Cannon,58.0,Antarctica (the territory South of 60 deg S),tdavenport@example.com,*)I41dppSF,"['Comédie', 'Drame', 'Romance']"
135,136,Brittany Reynolds,28.0,Georgia,joshuabutler@example.net,Q&8HHf68%0,['Horreur']
136,137,Jared Tran,48.0,South Africa,tracyford@example.com,s5!*9JXchI,['Science-Fiction']
137,138,Vanessa Orozco,31.0,Paraguay,qbennett@example.org,hZ8Yh5xdE@,['Science-Fiction']
138,139,Travis Hensley,66.0,Canada,cherylwest@example.org,#YLzn^Tpj1,"['Comédie', 'Thriller']"
139,140,Amanda Walters,31.0,Wallis and Futuna,kbriggs@example.com,B!!m21AkIx,"['Thriller', 'Animé', 'Drame']"
140,141,Dr. Sherry Davis,70.0,Norfolk Island,allenrobert@example.net,_XQ7Lsc2ef,"['Thriller', 'Horreur', 'Drame']"
141,142,Sarah Page,56.0,Cambodia,smithaaron@example.net,_QKGeXnCX4,"['Action', 'Drame', 'Science-Fiction']"
142,143,Ann Davis,25.0,Mauritius,smithcheryl@example.com,*$vQ7)F#su,"['Science-Fiction', 'Horreur']"
143,144,Mrs. Tammy Mueller,61.0,Moldova,dayjared@example.com,633ExQPm!K,"['Animé', 'Romance', 'Science-Fiction']"
144,145,Katherine Reynolds,46.0,Syrian Arab Republic,steven62@example.com,j!W7ULfbDR,"['Animé', 'Action']"
145,146,Leah Hughes,58.0,Niger,newtonjames@example.com,*VK4BXjKm),"['Horreur', 'Comédie']"
146,147,Joshua Little,49.0,Guadeloupe,lowelisa@example.com,o!o2KHZsee,"['Drame', 'Action', 'Horreur']"
147,148,Dylan Turner,20.0,New Zealand,andrew96@example.com,nOqr4gWua*,"['Thriller', 'Animé']"
148,149,Olivia Wood,49.0,Togo,fwalker@example.org,veAIMGIk+5,['Science-Fiction']
149,150,Diana Chase,49.0,Korea,harriselizabeth@example.org,(LW5D8il9@,"['Action', 'Romance', 'Drame']"
150,151,Seth Stuart,28.0,Austria,xjohnson@example.org,S$G6_Ck2EM,"['Horreur', 'Thriller']"
151,152,Marco Thomas,65.0,Guinea,kellyjohnson@example.net,m*!1$jJy(%,['Comédie']
152,153,Christopher Walker,49.0,Wallis and Futuna,yolanda61@example.com,qKFlnr$#)2,"['Romance', 'Drame']"
153,154,Paige Scott,62.0,Namibia,murphyjessica@example.org,_f)yFUo8W7,['Comédie']
154,155,Michael Mills,61.0,Montserrat,efarrell@example.com,iti9s5Zc@%,['Thriller']
155,156,David Logan,48.0,Saint Martin,matthewjacobson@example.org,T5817DAd_J,['Science-Fiction']
156,157,Courtney Hawkins,33.0,Netherlands,hmiller@example.net,927Ly9O$*C,"['Comédie', 'Thriller', 'Animé']"
157,158,Jeffrey Smith,59.0,United Arab Emirates,carl12@example.net,*5kGDdY&H2,"['Thriller', 'Romance', 'Comédie']"
158,159,Victor Costa,53.0,Syrian Arab Republic,ronald22@example.org,F_7XXQsBy$,['Thriller']
159,160,Lori Rush,23.0,Saudi Arabia,thompsoncheryl@example.org,lQDy24hW#8,"['Comédie', 'Thriller']"
160,161,Anthony Bradley,62.0,Samoa,lisanelson@example.net,cSLMt2di)0,['Comédie']
161,162,Sarah Farrell,37.0,Timor-Leste,robertzimmerman@example.org,j(4Bfuyq%W,['Horreur']
162,163,Ashley Donovan,62.0,British Indian Ocean Territory (Chagos Archipelago),seanrobertson@example.org,*l5r(WcYlB,"['Horreur', 'Comédie']"
163,164,Ryan Stewart,56.0,Bulgaria,sarah07@example.net,@8TqhSRl^(,"['Animé', 'Thriller']"
164,165,Linda Santos,21.0,Jamaica,jonathanmeyers@example.org,^2W(6Ubw7s,['Comédie']
165,166,Denise Rose,21.0,Uruguay,sperez@example.com,x5IrDDwe$5,"['Romance', 'Animé']"
166,167,Tammy Davis,42.0,Poland,davisanthony@example.net,RRj4S6vpR!,"['Horreur', 'Comédie']"
167,168,Valerie Nicholson,32.0,Tajikistan,pmiller@example.org,y#2KeX5GP),"['Romance', 'Science-Fiction']"
168,169,Ms. Olivia Barron,50.0,Thailand,steeleadam@example.org,4_1EwO49Ir,"['Romance', 'Animé', 'Thriller']"
169,170,Megan Sanders,50.0,Suriname,ashleyharrington@example.com,3Pec(5bop^,"['Comédie', 'Thriller', 'Animé']"
170,171,Elizabeth Martinez,58.0,Micronesia,kingvictoria@example.org,ZUDlm6Zf_K,['Animé']
171,172,Ashley Caldwell,49.0,Lao People's Democratic Republic,nbarnes@example.net,$+)Bq5Gbq&,"['Action', 'Science-Fiction', 'Thriller']"
172,173,Bonnie Campbell,25.0,Chad,fosterjohn@example.org,k(Yql90cfU,['Science-Fiction']
173,174,Robert Michael,42.0,Uruguay,cindy05@example.com,F#37JWIdTr,['Action']
174,175,Jackson Dunn,53.0,Uzbekistan,morsecraig@example.com,!6Zq8T&ceS,['Comédie']
175,176,Jeremy Jordan,38.0,Christmas Island,michaeltaylor@example.org,#69!xxKC*c,['Science-Fiction']
176,177,Gabriel Smith,67.0,Senegal,tammy09@example.net,^4Q^cAdQkW,"['Science-Fiction', 'Action', 'Romance']"
177,178,Andrew Williams,61.0,Kenya,jesse90@example.com,!89dh(NouN,"['Action', 'Drame']"
178,179,Alicia Smith,62.0,Indonesia,kingmaria@example.net,^btI@YK_2s,['Thriller']
179,180,Julia Reyes,40.0,Bosnia and Herzegovina,ortizjennifer@example.com,*0Y1gLv0n@,['Thriller']
180,181,Jerry Sanders,57.0,French Southern Territories,hgardner@example.net,13Vduv7F+w,"['Science-Fiction', 'Comédie', 'Animé']"
181,182,Melissa French,49.0,Cambodia,leeadrienne@example.org,9p)L3VFyKv,"['Action', 'Romance']"
182,183,Mark Hutchinson,24.0,Puerto Rico,richardsuarez@example.org,(W2oJ&AfK&,['Thriller']
183,184,Paul Thomas,59.0,Myanmar,jimenezcraig@example.net,O&t0Cx_22F,"['Thriller', 'Horreur']"
184,185,Elizabeth Chandler,48.0,Burundi,hernandezbrenda@example.net,ioDtzAbI&3,['Science-Fiction']
185,186,Natalie Hood,44.0,Germany,mitchell50@example.com,x%_e0Hms6H,"['Science-Fiction', 'Romance']"
186,187,Laurie Graham,49.0,Chad,lisa55@example.org,C!S6DeKipO,"['Romance', 'Thriller']"
187,188,Dr. Christopher Rosario Jr.,59.0,Macao,davisjames@example.com,!10*(I%bL!,['Horreur']
188,189,Kristine Henry,67.0,Antigua and Barbuda,petermorris@example.org,+4XkpLUyp2,"['Romance', 'Comédie', 'Science-Fiction']"
189,190,Brenda Wilson,26.0,Mauritania,heatherfoley@example.org,iq@DL2De&$,"['Animé', 'Thriller']"
190,191,Robert Webb,67.0,Cote d'Ivoire,deannacox@example.net,94M5Z_Cy#K,"['Romance', 'Animé', 'Comédie']"
191,192,Michael Kim,17.0,Netherlands,jordan04@example.org,+l3UuNFz8N,"['Comédie', 'Horreur', 'Science-Fiction']"
192,193,Caitlin Stevens,28.0,Congo,johnbaker@example.org,Iqk(5Brs$W,"['Comédie', 'Drame']"
193,194,Patricia Bennett,24.0,Luxembourg,michael78@example.com,k2CQgo#f(f,['Comédie']
194,195,Katrina Williams,19.0,Malawi,morriseddie@example.com,&$s_vSQKf1,"['Comédie', 'Animé']"
195,196,Christopher Hicks,26.0,Azerbaijan,miranda76@example.net,FS)1EkbHh4,"['Drame', 'Action', 'Thriller']"
196,197,Wayne Watts,21.0,Micronesia,anthony43@example.org,@5Wm7nky!P,['Comédie']
197,198,Marie Rivers,37.0,Somalia,courtney92@example.com,#f6M*dn6s&,"['Science-Fiction', 'Animé']"
198,199,Anthony Cook,40.0,Cocos (Keeling) Islands,bowmanbenjamin@example.org,!Mt46QeKmB,"['Science-Fiction', 'Drame']"
199,200,Bryan Shaw DVM,59.0,United States Virgin Islands,frythomas@example.org,_#0I%Dkebp,['Horreur']
